Algorithm,Number of Features,Number of Targets,K-Fold Validation,RMSE,R²,RMSE Std,R² Std
Extra Trees Regression,5,1,10,16.57801664406301,0.9975055883618766,1.3215743513140874,0.0002917644902333105
XGBoost,5,1,10,17.39786105386827,0.9972130381547466,1.6473718299609004,0.0006462112663334832
CatBoost,5,1,10,19.228216071363672,0.9966179238401949,1.3860521559229002,0.0005553219269106437
HistGradientBoosting,5,1,10,19.84948010585101,0.9963981292373761,1.2438116831974662,0.0005262336668505476
LightGBM,5,1,10,20.092063656004758,0.9963142740494557,1.3533463949291349,0.0005560495349991109
KNN Regression,5,1,10,20.344201344422878,0.9962331450280668,1.5760137073508809,0.0005306621613278635
Ridge,5,1,10,52.16002194992145,0.9751234941083984,1.5528433366156948,0.0031313424851393346
Gradient Boosting Regression,5,1,10,57.46795665140189,0.9697564230520987,0.641026249220038,0.004072351207956685
Lasso,5,1,10,61.09191161081965,0.9658404498645554,1.197526914626441,0.004473789977853518
AdaBoost Regression,5,1,10,147.08746138165276,0.8018799942952419,3.182631559604114,0.02791873976343304
Elastic Net,5,1,10,312.2473437166991,0.11909746097703304,20.45429730302009,0.0040601931517761525
