Algorithm,Number of Features,Number of Targets,K-Fold Validation,RMSE,R²
Extra Trees Regression,5,1,10,16.5180247884676,0.997527857261475
XGBoost,5,1,10,17.397861053868265,0.9972130381547466
CatBoost,5,1,10,19.228216071363676,0.9966179238401949
HistGradientBoosting,5,1,10,19.849480105851015,0.9963981292373761
LightGBM,5,1,10,20.09206365600476,0.9963142740494557
KNN Regression,5,1,10,20.344201344422878,0.9962331450280668
Ridge,5,1,10,52.16002194992145,0.9751234941083984
Gradient Boosting Regression,5,1,10,57.46795665140188,0.9697564230520987
Lasso,5,1,10,61.09191161081965,0.9658404498645554
AdaBoost Regression,5,1,10,147.08746138165276,0.8018799942952419
Elastic Net,5,1,10,312.2473437166991,0.11909746097703304
